{"cameraMode":{"drawMode":0,"name":"Shaded","section":"Shading Mode"},"sceneLighting":false,"audioPlay":false,"sceneViewState":{"m_AlwaysRefresh":false,"showFog":true,"showSkybox":false,"showFlares":true,"showImageEffects":true,"showParticleSystems":true,"showVisualEffectGraphs":true,"m_FxEnabled":true},"in2DMode":false,"pivot":{"x":-0.039064645767211917,"y":-0.03839677572250366,"z":-0.0033724308013916017},"rotation":{"x":0.16227006912231446,"y":-0.6380918622016907,"z":0.14001232385635377,"w":0.739530086517334},"size":0.8348879814147949,"orthographic":true}